{"cameraMode":{"drawMode":0,"name":"Shaded","section":"Shading Mode"},"sceneLighting":true,"audioPlay":false,"sceneViewState":{"m_AlwaysRefresh":false,"showFog":true,"showSkybox":true,"showFlares":true,"showImageEffects":true,"showParticleSystems":true,"showVisualEffectGraphs":true,"m_FxEnabled":true},"in2DMode":false,"pivot":{"x":-0.18662312626838685,"y":-0.4589267075061798,"z":-9.171818733215332},"rotation":{"x":-0.0016302046133205295,"y":-0.007996998727321625,"z":0.00002050871444225777,"w":1.0002455711364747},"size":1.4123599529266358,"orthographic":false}