{"cameraMode":{"drawMode":0,"name":"Shaded","section":"Shading Mode"},"sceneLighting":false,"audioPlay":false,"sceneViewState":{"m_AlwaysRefresh":false,"showFog":true,"showSkybox":false,"showFlares":true,"showImageEffects":true,"showParticleSystems":true,"showVisualEffectGraphs":true,"m_FxEnabled":true},"in2DMode":false,"pivot":{"x":7.593459129333496,"y":-2.3756885528564455,"z":-0.11180020123720169},"rotation":{"x":0.01997983828186989,"y":-0.0007849696557968855,"z":0.00021090386144351214,"w":1.0003231763839722},"size":1.1550993919372559,"orthographic":false}